id,claim_id,book_name,chunk_id,chapter_id,chunk_pos,time_bucket,retrieval_stage,score_vec,score_lex,score_rerank,score_lex_norm,rank,is_disjoint,run_id
46,46_c01,In search of the castaways,castaways_ch001_w0106,ch001,0.228343,EARLY,BM25,,9.860892463036024,,1.0,1,True,run_20260111_012408
46,46_c01,In search of the castaways,castaways_ch001_w0233,ch001,0.502381,MID,BM25,,6.678904555469143,,0.549960902991702,2,True,run_20260111_012408
74,74_c01,In search of the castaways,castaways_ch001_w0005,ch001,0.012197,EARLY,BM25,,8.148433566772905,,0.46250750466751905,1,True,run_20260111_012408
74,74_c01,In search of the castaways,castaways_ch001_w0238,ch001,0.513129,MID,BM25,,7.908718159510115,,0.4392931342011803,2,True,run_20260111_012408
109,109_c01,The Count of Monte Cristo,montecristo_ch001_w0132,ch001,0.084947,EARLY,BM25,,14.734424608426476,,1.0,1,True,run_20260111_012408
109,109_c01,The Count of Monte Cristo,montecristo_ch001_w0862,ch001,0.55152,MID,BM25,,10.957768036294027,,0.5593793116960576,2,True,run_20260111_012408
109,109_c02,The Count of Monte Cristo,montecristo_ch001_w0123,ch001,0.079217,EARLY,BM25,,10.141785537593202,,0.7664599542587132,1,True,run_20260111_012408
109,109_c02,The Count of Monte Cristo,montecristo_ch001_w0740,ch001,0.472988,MID,BM25,,10.611119266926625,,0.840931682571823,2,True,run_20260111_012408
104,104_c01,The Count of Monte Cristo,montecristo_ch001_w0192,ch001,0.123188,EARLY,BM25,,10.175214764950429,,1.0,1,True,run_20260111_012408
104,104_c01,The Count of Monte Cristo,montecristo_ch001_w0864,ch001,0.552845,MID,BM25,,9.054353136008551,,0.8006648088785103,2,True,run_20260111_012408
35,35_c01,In search of the castaways,castaways_ch001_w0064,ch001,0.138134,EARLY,BM25,,6.143961212389771,,0.06998361925462653,1,True,run_20260111_012408
35,35_c01,In search of the castaways,castaways_ch001_w0297,ch001,0.640441,MID,BM25,,16.775313728433453,,0.8789133144424713,2,True,run_20260111_012408
35,35_c02,In search of the castaways,castaways_ch001_w0004,ch001,0.010043,EARLY,BM25,,4.538648945141066,,0.123310268499364,1,True,run_20260111_012408
35,35_c02,In search of the castaways,castaways_ch001_w0297,ch001,0.640441,MID,BM25,,13.625563689683446,,0.8515865250878608,2,True,run_20260111_012408
35,35_c03,In search of the castaways,castaways_ch001_w0078,ch001,0.168143,EARLY,BM25,,9.75912166156214,,0.5098878481283858,1,True,run_20260111_012408
35,35_c03,In search of the castaways,castaways_ch001_w0297,ch001,0.640441,MID,BM25,,13.557173368935157,,0.8401039617177143,2,True,run_20260111_012408
18,18_c01,In search of the castaways,castaways_ch001_w0116,ch001,0.249923,EARLY,BM25,,9.038505677876147,,0.8096713579806245,1,True,run_20260111_012408
18,18_c01,In search of the castaways,castaways_ch001_w0170,ch001,0.366846,MID,BM25,,9.801312205075401,,0.9237506197659092,2,True,run_20260111_012408
18,18_c02,In search of the castaways,castaways_ch001_w0042,ch001,0.090964,EARLY,BM25,,8.704357001616783,,1.0,1,True,run_20260111_012408
18,18_c02,In search of the castaways,castaways_ch001_w0230,ch001,0.495874,MID,BM25,,6.214724173407427,,0.6054764988771238,2,True,run_20260111_012408
31,31_c01,In search of the castaways,castaways_ch001_w0086,ch001,0.185022,EARLY,BM25,,5.014237628678868,,0.12338928068391664,1,True,run_20260111_012408
31,31_c01,In search of the castaways,castaways_ch001_w0297,ch001,0.640441,MID,BM25,,14.326996880050174,,0.8621001253394458,2,True,run_20260111_012408
68,68_c01,In search of the castaways,castaways_ch001_w0079,ch001,0.170313,EARLY,BM25,,13.682651348924793,,0.551409044406602,1,True,run_20260111_012408
68,68_c01,In search of the castaways,castaways_ch001_w0176,ch001,0.379844,MID,BM25,,9.249438954761771,,0.27856571797330093,2,True,run_20260111_012408
68,68_c02,In search of the castaways,castaways_ch001_w0145,ch001,0.31285,EARLY,BM25,,9.850440766669294,,0.6665887591033354,1,True,run_20260111_012408
68,68_c02,In search of the castaways,castaways_ch001_w0256,ch001,0.551881,MID,BM25,,7.415469766887192,,0.4407928037407138,2,True,run_20260111_012408
68,68_c03,In search of the castaways,castaways_ch001_w0101,ch001,0.217392,EARLY,BM25,,6.10967198321809,,0.26106925588154084,1,True,run_20260111_012408
68,68_c03,In search of the castaways,castaways_ch001_w0246,ch001,0.530343,MID,BM25,,9.084796071640696,,0.5273885592704869,2,True,run_20260111_012408
9,9_c01,In search of the castaways,castaways_ch001_w0058,ch001,0.125229,EARLY,BM25,,9.60792479330872,,0.5365466412347577,1,True,run_20260111_012408
9,9_c01,In search of the castaways,castaways_ch001_w0303,ch001,0.653212,MID,BM25,,7.376567592372619,,0.3547974920303802,2,True,run_20260111_012408
9,9_c02,In search of the castaways,castaways_ch001_w0143,ch001,0.308496,EARLY,BM25,,7.895987905712093,,0.6783219659126607,1,True,run_20260111_012408
9,9_c02,In search of the castaways,castaways_ch001_w0187,ch001,0.403374,MID,BM25,,10.388611662095258,,1.0,2,True,run_20260111_012408
84,84_c01,In search of the castaways,castaways_ch001_w0126,ch001,0.271185,EARLY,BM25,,8.500836996756737,,0.37480178440606665,1,True,run_20260111_012408
84,84_c01,In search of the castaways,castaways_ch001_w0264,ch001,0.569131,MID,BM25,,4.996187016167465,,0.15059629099909183,2,True,run_20260111_012408
84,84_c02,In search of the castaways,castaways_ch001_w0103,ch001,0.221705,EARLY,BM25,,8.733329261499264,,0.5027923023130966,1,True,run_20260111_012408
84,84_c02,In search of the castaways,castaways_ch001_w0285,ch001,0.614642,MID,BM25,,8.506415709041411,,0.4832816974385934,2,True,run_20260111_012408
83,83_c01,In search of the castaways,castaways_ch001_w0024,ch001,0.05298,EARLY,BM25,,8.322747648688901,,0.5359893638896466,1,True,run_20260111_012408
83,83_c01,In search of the castaways,castaways_ch001_w0294,ch001,0.633978,MID,BM25,,9.65062910684892,,0.6725396372625819,2,True,run_20260111_012408
83,83_c02,In search of the castaways,castaways_ch001_w0019,ch001,0.042533,EARLY,BM25,,0.20853014992171773,,0.001440807124546804,1,True,run_20260111_012408
83,83_c02,In search of the castaways,castaways_ch001_w0204,ch001,0.439818,MID,BM25,,0.21060693216065107,,0.0016069977433159004,2,True,run_20260111_012408
134,134_c01,The Count of Monte Cristo,montecristo_ch001_w0224,ch001,0.143544,EARLY,BM25,,9.21815645858187,,1.0,1,True,run_20260111_012408
134,134_c01,The Count of Monte Cristo,montecristo_ch001_w0574,ch001,0.366762,MID,BM25,,6.406050554545026,,0.4150293654647146,2,True,run_20260111_012408
134,134_c02,The Count of Monte Cristo,montecristo_ch001_w0146,ch001,0.093961,EARLY,BM25,,7.782307035927889,,1.0,1,True,run_20260111_012408
134,134_c02,The Count of Monte Cristo,montecristo_ch001_w0590,ch001,0.37702,MID,BM25,,5.689935286576058,,0.5578532571119168,2,True,run_20260111_012408
88,88_c01,The Count of Monte Cristo,montecristo_ch001_w0063,ch001,0.040694,EARLY,BM25,,9.129053378064217,,1.0,1,True,run_20260111_012408
88,88_c01,The Count of Monte Cristo,montecristo_ch001_w0668,ch001,0.426635,MID,BM25,,8.566098202803309,,0.8886055053095624,2,True,run_20260111_012408
88,88_c02,The Count of Monte Cristo,montecristo_ch001_w0128,ch001,0.082325,EARLY,BM25,,12.77537266638574,,1.0,1,True,run_20260111_012408
88,88_c02,The Count of Monte Cristo,montecristo_ch001_w1024,ch001,0.655481,MID,BM25,,9.582427360595526,,0.57991242810252,2,True,run_20260111_012408
67,67_c01,In search of the castaways,castaways_ch001_w0140,ch001,0.301878,EARLY,BM25,,10.729236348202514,,0.26597681788629624,1,True,run_20260111_012408
67,67_c01,In search of the castaways,castaways_ch001_w0210,ch001,0.452673,MID,BM25,,10.180982450904501,,0.2367240058560988,2,True,run_20260111_012408
67,67_c02,In search of the castaways,castaways_ch001_w0025,ch001,0.05512,EARLY,BM25,,6.647263536031814,,0.3248912148151332,1,True,run_20260111_012408
67,67_c02,In search of the castaways,castaways_ch001_w0195,ch001,0.420797,MID,BM25,,7.311559290398825,,0.38168536543967013,2,True,run_20260111_012408
67,67_c03,In search of the castaways,castaways_ch001_w0095,ch001,0.204245,EARLY,BM25,,6.272332953946752,,0.4317243874749203,1,True,run_20260111_012408
67,67_c03,In search of the castaways,castaways_ch001_w0212,ch001,0.457049,MID,BM25,,6.095210416470942,,0.4181867586734665,2,True,run_20260111_012408
112,112_c01,The Count of Monte Cristo,montecristo_ch001_w0199,ch001,0.127691,EARLY,BM25,,8.295252168384685,,0.505369683628915,1,True,run_20260111_012408
112,112_c01,The Count of Monte Cristo,montecristo_ch001_w0771,ch001,0.49333,MID,BM25,,9.744935083276523,,0.8989765708279914,2,True,run_20260111_012408
112,112_c02,The Count of Monte Cristo,montecristo_ch001_w0079,ch001,0.051174,EARLY,BM25,,8.8624753447267,,0.8059126400930146,1,True,run_20260111_012408
112,112_c02,The Count of Monte Cristo,montecristo_ch001_w0864,ch001,0.552845,MID,BM25,,9.888823837172998,,1.0,2,True,run_20260111_012408
79,79_c01,In search of the castaways,castaways_ch001_w0106,ch001,0.228343,EARLY,BM25,,9.13059428864724,,0.5516346201018937,1,True,run_20260111_012408
79,79_c01,In search of the castaways,castaways_ch001_w0295,ch001,0.636116,MID,BM25,,11.062703290994914,,0.732857537421727,2,True,run_20260111_012408
79,79_c02,In search of the castaways,castaways_ch001_w0068,ch001,0.146632,EARLY,BM25,,6.031897020001444,,0.4034215597315094,1,True,run_20260111_012408
79,79_c02,In search of the castaways,castaways_ch001_w0249,ch001,0.536863,MID,BM25,,4.02969077957515,,0.2609319469288032,2,True,run_20260111_012408
55,55_c01,In search of the castaways,castaways_ch001_w0042,ch001,0.090964,EARLY,BM25,,12.345839899486847,,1.0,1,True,run_20260111_012408
55,55_c01,In search of the castaways,castaways_ch001_w0241,ch001,0.519544,MID,BM25,,11.27018704008995,,0.8848635325301164,2,True,run_20260111_012408
55,55_c02,In search of the castaways,castaways_ch001_w0100,ch001,0.215192,EARLY,BM25,,9.698326687726365,,1.0,1,True,run_20260111_012408
55,55_c02,In search of the castaways,castaways_ch001_w0185,ch001,0.399124,MID,BM25,,7.1649136429530005,,0.6556770200116244,2,True,run_20260111_012408
12,12_c01,In search of the castaways,castaways_ch001_w0044,ch001,0.095267,EARLY,BM25,,12.072060374300609,,1.0,1,True,run_20260111_012408
12,12_c01,In search of the castaways,castaways_ch001_w0214,ch001,0.461361,MID,BM25,,7.939982534659407,,0.5030940742052092,2,True,run_20260111_012408
12,12_c02,In search of the castaways,castaways_ch001_w0000,ch001,0.001403,EARLY,BM25,,18.85872091234906,,1.0,1,True,run_20260111_012408
12,12_c02,In search of the castaways,castaways_ch001_w0244,ch001,0.526005,MID,BM25,,10.923558541894222,,0.3805412851865878,2,True,run_20260111_012408
13,13_c01,In search of the castaways,castaways_ch001_w0044,ch001,0.095267,EARLY,BM25,,8.93197203678838,,0.9646461266599387,1,True,run_20260111_012408
13,13_c01,In search of the castaways,castaways_ch001_w0231,ch001,0.497991,MID,BM25,,9.130662527388836,,1.0,2,True,run_20260111_012408
13,13_c02,In search of the castaways,castaways_ch001_w0033,ch001,0.072115,EARLY,BM25,,10.418397399521394,,1.0,1,True,run_20260111_012408
13,13_c02,In search of the castaways,castaways_ch001_w0246,ch001,0.530343,MID,BM25,,9.754064476628734,,0.8888479253003057,2,True,run_20260111_012408
92,92_c01,The Count of Monte Cristo,montecristo_ch001_w0319,ch001,0.203848,EARLY,BM25,,7.996450285199337,,0.4938996768008891,1,True,run_20260111_012408
92,92_c01,The Count of Monte Cristo,montecristo_ch001_w0706,ch001,0.451241,MID,BM25,,10.899214855608754,,1.0,2,True,run_20260111_012408
92,92_c02,The Count of Monte Cristo,montecristo_ch001_w0001,ch001,0.001062,EARLY,BM25,,13.12550757983556,,0.7033685864549339,1,True,run_20260111_012408
92,92_c02,The Count of Monte Cristo,montecristo_ch001_w1005,ch001,0.643159,MID,BM25,,15.824010631498753,,0.9947313457752984,2,True,run_20260111_012408
92,92_c03,The Count of Monte Cristo,montecristo_ch001_w0121,ch001,0.077979,EARLY,BM25,,9.109776823934448,,0.6139555649089514,1,True,run_20260111_012408
92,92_c03,The Count of Monte Cristo,montecristo_ch001_w1022,ch001,0.65419,MID,BM25,,11.343079902855786,,1.0,2,True,run_20260111_012408
1,1_c01,In search of the castaways,castaways_ch001_w0044,ch001,0.095267,EARLY,BM25,,13.552505640594035,,1.0,1,True,run_20260111_012408
1,1_c01,In search of the castaways,castaways_ch001_w0265,ch001,0.571322,MID,BM25,,9.402618539219887,,0.5902104055223827,2,True,run_20260111_012408
1,1_c02,In search of the castaways,castaways_ch001_w0058,ch001,0.125229,EARLY,BM25,,8.077192491620622,,1.0,1,True,run_20260111_012408
1,1_c02,In search of the castaways,castaways_ch001_w0230,ch001,0.495874,MID,BM25,,7.561755709777935,,0.9236368887708448,2,True,run_20260111_012408
1,1_c03,In search of the castaways,castaways_ch001_w0058,ch001,0.125229,EARLY,BM25,,11.005662966305353,,1.0,1,True,run_20260111_012408
1,1_c03,In search of the castaways,castaways_ch001_w0187,ch001,0.403374,MID,BM25,,9.145388287885929,,0.775780098001965,2,True,run_20260111_012408
1,1_c04,In search of the castaways,castaways_ch001_w0044,ch001,0.095267,EARLY,BM25,,8.4564264037528,,1.0,1,True,run_20260111_012408
1,1_c04,In search of the castaways,castaways_ch001_w0187,ch001,0.403374,MID,BM25,,7.388094131189177,,0.8108703605596767,2,True,run_20260111_012408
11,11_c01,In search of the castaways,castaways_ch001_w0042,ch001,0.090964,EARLY,BM25,,10.825340269092525,,1.0,1,True,run_20260111_012408
11,11_c01,In search of the castaways,castaways_ch001_w0293,ch001,0.631836,MID,BM25,,9.179250403381342,,0.7263075117813903,2,True,run_20260111_012408
11,11_c02,In search of the castaways,castaways_ch001_w0065,ch001,0.140283,EARLY,BM25,,8.245735503375247,,1.0,1,True,run_20260111_012408
11,11_c02,In search of the castaways,castaways_ch001_w0180,ch001,0.388492,MID,BM25,,6.432688534277185,,0.6510259675946609,2,True,run_20260111_012408
65,65_c01,In search of the castaways,castaways_ch001_w0058,ch001,0.125229,EARLY,BM25,,4.367971205641272,,0.3080903869735117,1,True,run_20260111_012408
65,65_c01,In search of the castaways,castaways_ch001_w0259,ch001,0.558416,MID,BM25,,4.341347497472623,,0.30432828953298735,2,True,run_20260111_012408
65,65_c02,In search of the castaways,castaways_ch001_w0034,ch001,0.074216,EARLY,BM25,,4.423484266427129,,0.44296749160819565,1,True,run_20260111_012408
65,65_c02,In search of the castaways,castaways_ch001_w0179,ch001,0.386335,MID,BM25,,7.25043875387809,,1.0,2,True,run_20260111_012408
107,107_c01,The Count of Monte Cristo,montecristo_ch001_w0135,ch001,0.086911,EARLY,BM25,,15.365196293004065,,1.0,1,True,run_20260111_012408
107,107_c01,The Count of Monte Cristo,montecristo_ch001_w0863,ch001,0.552176,MID,BM25,,9.691978737589682,,0.449688522460804,2,True,run_20260111_012408
107,107_c02,The Count of Monte Cristo,montecristo_ch001_w0334,ch001,0.213467,EARLY,BM25,,7.512159923422182,,0.4837386068923209,1,True,run_20260111_012408
107,107_c02,The Count of Monte Cristo,montecristo_ch001_w0846,ch001,0.541173,MID,BM25,,9.257821774444952,,0.7812099097766139,2,True,run_20260111_012408
66,66_c01,In search of the castaways,castaways_ch001_w0042,ch001,0.090964,EARLY,BM25,,25.50817037120097,,1.0,1,True,run_20260111_012408
66,66_c01,In search of the castaways,castaways_ch001_w0239,ch001,0.515313,MID,BM25,,13.306762965661676,,0.43176596353615404,2,True,run_20260111_012408
66,66_c02,In search of the castaways,castaways_ch001_w0137,ch001,0.295343,EARLY,BM25,,7.551582899386273,,1.0,1,True,run_20260111_012408
66,66_c02,In search of the castaways,castaways_ch001_w0179,ch001,0.386335,MID,BM25,,7.264681581350084,,0.9365442620073562,2,True,run_20260111_012408
89,89_c01,The Count of Monte Cristo,montecristo_ch001_w0114,ch001,0.073465,EARLY,BM25,,11.337404499962421,,1.0,1,True,run_20260111_012408
89,89_c01,The Count of Monte Cristo,montecristo_ch001_w0842,ch001,0.538628,MID,BM25,,7.872641107165091,,0.44091608729970944,2,True,run_20260111_012408
89,89_c02,The Count of Monte Cristo,montecristo_ch001_w0264,ch001,0.168557,EARLY,BM25,,11.25895366765631,,1.0,1,True,run_20260111_012408
89,89_c02,The Count of Monte Cristo,montecristo_ch001_w0740,ch001,0.472988,MID,BM25,,7.901916945777862,,0.4704425367979969,2,True,run_20260111_012408
34,34_c01,In search of the castaways,castaways_ch001_w0012,ch001,0.027596,EARLY,BM25,,9.38750405718062,,0.27386846457708586,1,True,run_20260111_012408
34,34_c01,In search of the castaways,castaways_ch001_w0297,ch001,0.640441,MID,BM25,,14.743031626076164,,0.6764814530452281,2,True,run_20260111_012408
34,34_c02,In search of the castaways,castaways_ch001_w0027,ch001,0.059358,EARLY,BM25,,8.460654104151201,,0.31287473598898236,1,True,run_20260111_012408
34,34_c02,In search of the castaways,castaways_ch001_w0297,ch001,0.640441,MID,BM25,,13.785275918440508,,0.6296164507637336,2,True,run_20260111_012408
123,123_c01,The Count of Monte Cristo,montecristo_ch001_w0334,ch001,0.213467,EARLY,BM25,,15.021995652245435,,1.0,1,True,run_20260111_012408
123,123_c01,The Count of Monte Cristo,montecristo_ch001_w0982,ch001,0.628425,MID,BM25,,14.261627125084784,,0.891996772762692,2,True,run_20260111_012408
123,123_c02,The Count of Monte Cristo,montecristo_ch001_w0181,ch001,0.116113,EARLY,BM25,,13.210587361152783,,1.0,1,True,run_20260111_012408
123,123_c02,The Count of Monte Cristo,montecristo_ch001_w0550,ch001,0.351482,MID,BM25,,6.622508435141104,,0.20438317517261817,2,True,run_20260111_012408
116,116_c01,The Count of Monte Cristo,montecristo_ch001_w0293,ch001,0.18717,EARLY,BM25,,6.935971350334449,,0.8066249936643829,1,True,run_20260111_012408
116,116_c01,The Count of Monte Cristo,montecristo_ch001_w0695,ch001,0.444241,MID,BM25,,5.514260120036967,,0.4981651940217374,2,True,run_20260111_012408
116,116_c02,The Count of Monte Cristo,montecristo_ch001_w0213,ch001,0.136575,EARLY,BM25,,12.129121697754094,,1.0,1,True,run_20260111_012408
116,116_c02,The Count of Monte Cristo,montecristo_ch001_w0748,ch001,0.478251,MID,BM25,,9.037562869153653,,0.5894983272815588,2,True,run_20260111_012408
43,43_c01,In search of the castaways,castaways_ch001_w0029,ch001,0.063578,EARLY,BM25,,6.390210027351854,,0.22215178614220796,1,True,run_20260111_012408
43,43_c01,In search of the castaways,castaways_ch001_w0297,ch001,0.640441,MID,BM25,,15.504165362087662,,1.0,2,True,run_20260111_012408
108,108_c01,The Count of Monte Cristo,montecristo_ch001_w0060,ch001,0.038678,EARLY,BM25,,16.938757514027905,,1.0,1,True,run_20260111_012408
108,108_c01,The Count of Monte Cristo,montecristo_ch001_w0693,ch001,0.442908,MID,BM25,,10.21986367782366,,0.4416362243443205,2,True,run_20260111_012408
108,108_c02,The Count of Monte Cristo,montecristo_ch001_w0127,ch001,0.081697,EARLY,BM25,,14.486824528804846,,1.0,1,True,run_20260111_012408
108,108_c02,The Count of Monte Cristo,montecristo_ch001_w0688,ch001,0.439669,MID,BM25,,12.902383948343559,,0.7794147902310455,2,True,run_20260111_012408
128,128_c01,The Count of Monte Cristo,montecristo_ch001_w0179,ch001,0.114844,EARLY,BM25,,11.730001097219823,,1.0,1,True,run_20260111_012408
128,128_c01,The Count of Monte Cristo,montecristo_ch001_w0964,ch001,0.61677,MID,BM25,,7.4855674381669735,,0.3756661728166905,2,True,run_20260111_012408
128,128_c02,The Count of Monte Cristo,montecristo_ch001_w0182,ch001,0.116728,EARLY,BM25,,9.04525290722992,,1.0,1,True,run_20260111_012408
128,128_c02,The Count of Monte Cristo,montecristo_ch001_w0559,ch001,0.357262,MID,BM25,,6.011889845275869,,0.4492350205582997,2,True,run_20260111_012408
29,29_c01,In search of the castaways,castaways_ch001_w0004,ch001,0.010043,EARLY,BM25,,15.269970259565525,,0.9176886267298696,1,True,run_20260111_012408
29,29_c01,In search of the castaways,castaways_ch001_w0294,ch001,0.633978,MID,BM25,,15.58770772464398,,0.9498034688753629,2,True,run_20260111_012408
69,69_c01,In search of the castaways,castaways_ch001_w0029,ch001,0.063578,EARLY,BM25,,8.846333409501291,,0.479850298540216,1,True,run_20260111_012408
69,69_c01,In search of the castaways,castaways_ch001_w0175,ch001,0.377648,MID,BM25,,10.160181840979476,,0.5854747490937557,2,True,run_20260111_012408
69,69_c02,In search of the castaways,castaways_ch001_w0124,ch001,0.266978,EARLY,BM25,,8.535946866970678,,0.30646240781623235,1,True,run_20260111_012408
69,69_c02,In search of the castaways,castaways_ch001_w0165,ch001,0.356197,MID,BM25,,6.851783737020947,,0.2048617976085381,2,True,run_20260111_012408
69,69_c03,In search of the castaways,castaways_ch001_w0107,ch001,0.230501,EARLY,BM25,,4.109915531460424,,0.15077439878898494,1,True,run_20260111_012408
69,69_c03,In search of the castaways,castaways_ch001_w0210,ch001,0.452673,MID,BM25,,4.55310888077664,,0.18095693704759425,2,True,run_20260111_012408
50,50_c01,In search of the castaways,castaways_ch001_w0149,ch001,0.321502,EARLY,BM25,,8.71469545816863,,1.0,1,True,run_20260111_012408
50,50_c01,In search of the castaways,castaways_ch001_w0155,ch001,0.334517,MID,BM25,,7.997854219034151,,0.8700885183941324,2,True,run_20260111_012408
50,50_c02,In search of the castaways,castaways_ch001_w0131,ch001,0.282071,EARLY,BM25,,12.160290512111745,,1.0,1,True,run_20260111_012408
50,50_c02,In search of the castaways,castaways_ch001_w0304,ch001,0.655362,MID,BM25,,8.153269133099991,,0.44591791928169844,2,True,run_20260111_012408
50,50_c03,In search of the castaways,castaways_ch001_w0129,ch001,0.277732,EARLY,BM25,,10.831712467728174,,0.6543508360296393,1,True,run_20260111_012408
50,50_c03,In search of the castaways,castaways_ch001_w0246,ch001,0.530343,MID,BM25,,8.845812774474034,,0.4603270822690345,2,True,run_20260111_012408
5,5_c01,In search of the castaways,castaways_ch001_w0101,ch001,0.217392,EARLY,BM25,,7.4794265499858,,0.6057184084654035,1,True,run_20260111_012408
5,5_c01,In search of the castaways,castaways_ch001_w0182,ch001,0.392663,MID,BM25,,10.116887583023088,,1.0,2,True,run_20260111_012408
39,39_c01,In search of the castaways,castaways_ch001_w0004,ch001,0.010043,EARLY,BM25,,4.186194370739601,,0.05719906767379838,1,True,run_20260111_012408
39,39_c01,In search of the castaways,castaways_ch001_w0297,ch001,0.640441,MID,BM25,,13.838308757097456,,0.8076337686709598,2,True,run_20260111_012408
39,39_c02,In search of the castaways,castaways_ch001_w0078,ch001,0.168143,EARLY,BM25,,5.542672530181171,,0.15008850700635828,1,True,run_20260111_012408
39,39_c02,In search of the castaways,castaways_ch001_w0297,ch001,0.640441,MID,BM25,,13.72236272023789,,0.843926322978902,2,True,run_20260111_012408
19,19_c01,In search of the castaways,castaways_ch001_w0058,ch001,0.125229,EARLY,BM25,,10.74032803017488,,1.0,1,True,run_20260111_012408
19,19_c01,In search of the castaways,castaways_ch001_w0197,ch001,0.425057,MID,BM25,,5.299107999260839,,0.3054153632266693,2,True,run_20260111_012408
113,113_c01,The Count of Monte Cristo,montecristo_ch001_w0219,ch001,0.140397,EARLY,BM25,,11.91357078059956,,1.0,1,True,run_20260111_012408
113,113_c01,The Count of Monte Cristo,montecristo_ch001_w0596,ch001,0.380825,MID,BM25,,8.909573861100398,,0.6407337153044247,2,True,run_20260111_012408
113,113_c02,The Count of Monte Cristo,montecristo_ch001_w0146,ch001,0.093961,EARLY,BM25,,10.175092249487575,,0.876952748641465,1,True,run_20260111_012408
113,113_c02,The Count of Monte Cristo,montecristo_ch001_w0768,ch001,0.491404,MID,BM25,,11.061621121572871,,1.0,2,True,run_20260111_012408
139,139_c01,The Count of Monte Cristo,montecristo_ch001_w0196,ch001,0.12578,EARLY,BM25,,11.82807166047288,,1.0,1,True,run_20260111_012408
139,139_c01,The Count of Monte Cristo,montecristo_ch001_w0532,ch001,0.339913,MID,BM25,,6.510012775223606,,0.2249032417334834,2,True,run_20260111_012408
71,71_c01,In search of the castaways,castaways_ch001_w0137,ch001,0.295343,EARLY,BM25,,11.250788140239216,,0.35813462018733927,1,True,run_20260111_012408
71,71_c01,In search of the castaways,castaways_ch001_w0165,ch001,0.356197,MID,BM25,,7.102747310673733,,0.14512745758323506,2,True,run_20260111_012408
71,71_c02,In search of the castaways,castaways_ch001_w0062,ch001,0.133806,EARLY,BM25,,6.223468655168394,,0.3711615778281502,1,True,run_20260111_012408
71,71_c02,In search of the castaways,castaways_ch001_w0233,ch001,0.502381,MID,BM25,,10.467365221628377,,0.6861681489934047,2,True,run_20260111_012408
71,71_c03,In search of the castaways,castaways_ch001_w0028,ch001,0.061483,EARLY,BM25,,7.749325690938579,,0.48169875776518123,1,True,run_20260111_012408
71,71_c03,In search of the castaways,castaways_ch001_w0204,ch001,0.439818,MID,BM25,,6.688052829746722,,0.37682908414943617,2,True,run_20260111_012408
26,26_c01,In search of the castaways,castaways_ch001_w0116,ch001,0.249923,EARLY,BM25,,6.931164677042525,,0.1943788524924456,1,True,run_20260111_012408
26,26_c01,In search of the castaways,castaways_ch001_w0297,ch001,0.640441,MID,BM25,,16.926798472047146,,0.8225883091096512,2,True,run_20260111_012408
26,26_c02,In search of the castaways,castaways_ch001_w0017,ch001,0.038313,EARLY,BM25,,5.929762190528606,,0.12447634684405497,1,True,run_20260111_012408
26,26_c02,In search of the castaways,castaways_ch001_w0297,ch001,0.640441,MID,BM25,,17.765584915103872,,1.0,2,True,run_20260111_012408
26,26_c03,In search of the castaways,castaways_ch001_w0029,ch001,0.063578,EARLY,BM25,,7.559952347794396,,0.2827994999615036,1,True,run_20260111_012408
26,26_c03,In search of the castaways,castaways_ch001_w0297,ch001,0.640441,MID,BM25,,15.182103889672444,,0.9336157814911595,2,True,run_20260111_012408
117,117_c01,The Count of Monte Cristo,montecristo_ch001_w0145,ch001,0.093318,EARLY,BM25,,13.371253484552913,,1.0,1,True,run_20260111_012408
117,117_c01,The Count of Monte Cristo,montecristo_ch001_w0876,ch001,0.560469,MID,BM25,,6.574605250860491,,0.3314633264987785,2,True,run_20260111_012408
117,117_c02,The Count of Monte Cristo,montecristo_ch001_w0220,ch001,0.141027,EARLY,BM25,,13.817128590984598,,1.0,1,True,run_20260111_012408
117,117_c02,The Count of Monte Cristo,montecristo_ch001_w0673,ch001,0.429896,MID,BM25,,6.223872235302011,,0.2129248466003575,2,True,run_20260111_012408
6,6_c01,In search of the castaways,castaways_ch001_w0042,ch001,0.090964,EARLY,BM25,,10.421137037964856,,1.0,1,True,run_20260111_012408
6,6_c01,In search of the castaways,castaways_ch001_w0187,ch001,0.403374,MID,BM25,,8.772333000769008,,0.7464691451270831,2,True,run_20260111_012408
6,6_c02,In search of the castaways,castaways_ch001_w0057,ch001,0.123007,EARLY,BM25,,19.16338106560757,,1.0,1,True,run_20260111_012408
6,6_c02,In search of the castaways,castaways_ch001_w0189,ch001,0.40773,MID,BM25,,9.430877104737675,,0.37824541442143267,2,True,run_20260111_012408
76,76_c01,In search of the castaways,castaways_ch001_w0040,ch001,0.086707,EARLY,BM25,,12.578874705122947,,0.7371724162768645,1,True,run_20260111_012408
76,76_c01,In search of the castaways,castaways_ch001_w0185,ch001,0.399124,MID,BM25,,9.373236447823702,,0.47495758548208866,2,True,run_20260111_012408
76,76_c02,In search of the castaways,castaways_ch001_w0093,ch001,0.199861,EARLY,BM25,,5.331860159293195,,0.3666464750719564,1,True,run_20260111_012408
76,76_c02,In search of the castaways,castaways_ch001_w0246,ch001,0.530343,MID,BM25,,6.855463746943769,,0.5007298465607571,2,True,run_20260111_012408
76,76_c03,In search of the castaways,castaways_ch001_w0028,ch001,0.061483,EARLY,BM25,,5.777089858090172,,0.27086148443678504,1,True,run_20260111_012408
76,76_c03,In search of the castaways,castaways_ch001_w0161,ch001,0.34735,MID,BM25,,6.874332478911884,,0.3529895428842596,2,True,run_20260111_012408
17,17_c01,In search of the castaways,castaways_ch001_w0114,ch001,0.245643,EARLY,BM25,,8.096762980899333,,1.0,1,True,run_20260111_012408
17,17_c01,In search of the castaways,castaways_ch001_w0187,ch001,0.403374,MID,BM25,,5.728101010918422,,0.518272682751855,2,True,run_20260111_012408
17,17_c02,In search of the castaways,castaways_ch001_w0058,ch001,0.125229,EARLY,BM25,,10.67647871761775,,1.0,1,True,run_20260111_012408
17,17_c02,In search of the castaways,castaways_ch001_w0189,ch001,0.40773,MID,BM25,,5.703256153680287,,0.35568828272048203,2,True,run_20260111_012408
20,20_c01,In search of the castaways,castaways_ch001_w0042,ch001,0.090964,EARLY,BM25,,7.655273054504864,,1.0,1,True,run_20260111_012408
20,20_c01,In search of the castaways,castaways_ch001_w0274,ch001,0.590903,MID,BM25,,7.635609233269371,,0.9954114947042053,2,True,run_20260111_012408
20,20_c02,In search of the castaways,castaways_ch001_w0138,ch001,0.297528,EARLY,BM25,,13.506023578515553,,1.0,1,True,run_20260111_012408
20,20_c02,In search of the castaways,castaways_ch001_w0246,ch001,0.530343,MID,BM25,,12.582352782445755,,0.895351687788295,2,True,run_20260111_012408
10,10_c01,In search of the castaways,castaways_ch001_w0058,ch001,0.125229,EARLY,BM25,,11.697554455074226,,0.991910791773605,1,True,run_20260111_012408
10,10_c01,In search of the castaways,castaways_ch001_w0234,ch001,0.504568,MID,BM25,,11.758784977829764,,1.0,2,True,run_20260111_012408
10,10_c02,In search of the castaways,castaways_ch001_w0151,ch001,0.325802,EARLY,BM25,,10.414216412759497,,1.0,1,True,run_20260111_012408
10,10_c02,In search of the castaways,castaways_ch001_w0170,ch001,0.366846,MID,BM25,,10.026561231636284,,0.9244705919312864,2,True,run_20260111_012408
122,122_c01,The Count of Monte Cristo,montecristo_ch001_w0335,ch001,0.214122,EARLY,BM25,,11.729875470465263,,0.7820836513250968,1,True,run_20260111_012408
122,122_c01,The Count of Monte Cristo,montecristo_ch001_w0859,ch001,0.549565,MID,BM25,,9.211607843208325,,0.39754863989419736,2,True,run_20260111_012408
36,36_c01,In search of the castaways,castaways_ch001_w0106,ch001,0.228343,EARLY,BM25,,8.452023521546604,,0.21054104701044543,1,True,run_20260111_012408
36,36_c01,In search of the castaways,castaways_ch001_w0297,ch001,0.640441,MID,BM25,,14.540073313139086,,0.601890374113859,2,True,run_20260111_012408
73,73_c01,In search of the castaways,castaways_ch001_w0000,ch001,0.001403,EARLY,BM25,,5.598114852395401,,0.44603168131819965,1,True,run_20260111_012408
73,73_c01,In search of the castaways,castaways_ch001_w0250,ch001,0.538995,MID,BM25,,4.2890718994467765,,0.3413427945306605,2,True,run_20260111_012408
73,73_c02,In search of the castaways,castaways_ch001_w0102,ch001,0.219506,EARLY,BM25,,7.5643371691304715,,0.2847235865852789,1,True,run_20260111_012408
73,73_c02,In search of the castaways,castaways_ch001_w0185,ch001,0.399124,MID,BM25,,6.949779862067222,,0.24655426678867715,2,True,run_20260111_012408
98,98_c01,The Count of Monte Cristo,montecristo_ch001_w0207,ch001,0.132747,EARLY,BM25,,11.72004609197163,,1.0,1,True,run_20260111_012408
98,98_c01,The Count of Monte Cristo,montecristo_ch001_w0922,ch001,0.590131,MID,BM25,,10.197643073118252,,0.7490072283484823,2,True,run_20260111_012408
98,98_c02,The Count of Monte Cristo,montecristo_ch001_w0178,ch001,0.114206,EARLY,BM25,,10.805149483062857,,0.22625968842966507,1,True,run_20260111_012408
98,98_c02,The Count of Monte Cristo,montecristo_ch001_w1023,ch001,0.654836,MID,BM25,,19.64913204610956,,1.0,2,True,run_20260111_012408
25,25_c01,In search of the castaways,castaways_ch001_w0044,ch001,0.095267,EARLY,BM25,,11.307772194478273,,1.0,1,True,run_20260111_012408
25,25_c01,In search of the castaways,castaways_ch001_w0228,ch001,0.491547,MID,BM25,,10.789713573684676,,0.9355777221849405,2,True,run_20260111_012408
120,120_c01,The Count of Monte Cristo,montecristo_ch001_w0179,ch001,0.114844,EARLY,BM25,,14.348564907466558,,0.7788648022255814,1,True,run_20260111_012408
120,120_c01,The Count of Monte Cristo,montecristo_ch001_w0977,ch001,0.625193,MID,BM25,,17.12874531660802,,1.0,2,True,run_20260111_012408
120,120_c02,The Count of Monte Cristo,montecristo_ch001_w0377,ch001,0.240781,EARLY,BM25,,10.952311464359227,,1.0,1,True,run_20260111_012408
120,120_c02,The Count of Monte Cristo,montecristo_ch001_w1006,ch001,0.643789,MID,BM25,,7.021158307309063,,0.4224888410326471,2,True,run_20260111_012408
120,120_c03,The Count of Monte Cristo,montecristo_ch001_w0169,ch001,0.108484,EARLY,BM25,,16.522018541908555,,1.0,1,True,run_20260111_012408
120,120_c03,The Count of Monte Cristo,montecristo_ch001_w0558,ch001,0.356607,MID,BM25,,11.280104254161891,,0.3879158968905494,2,True,run_20260111_012408
105,105_c01,The Count of Monte Cristo,montecristo_ch001_w0104,ch001,0.066959,EARLY,BM25,,10.386841989961916,,1.0,1,True,run_20260111_012408
105,105_c01,The Count of Monte Cristo,montecristo_ch001_w0761,ch001,0.486783,MID,BM25,,8.815028433905924,,0.725264875430243,2,True,run_20260111_012408
105,105_c02,The Count of Monte Cristo,montecristo_ch001_w0064,ch001,0.04136,EARLY,BM25,,9.339948634529952,,1.0,1,True,run_20260111_012408
105,105_c02,The Count of Monte Cristo,montecristo_ch001_w0863,ch001,0.552176,MID,BM25,,9.095050985456849,,0.9495018970472987,2,True,run_20260111_012408
57,57_c01,In search of the castaways,castaways_ch001_w0106,ch001,0.228343,EARLY,BM25,,10.384347916694502,,1.0,1,True,run_20260111_012408
57,57_c01,In search of the castaways,castaways_ch001_w0187,ch001,0.403374,MID,BM25,,9.826166394894276,,0.9231312334276928,2,True,run_20260111_012408
57,57_c02,In search of the castaways,castaways_ch001_w0121,ch001,0.260441,EARLY,BM25,,6.748902815025491,,0.9346972974440151,1,True,run_20260111_012408
57,57_c02,In search of the castaways,castaways_ch001_w0241,ch001,0.519544,MID,BM25,,7.062611073211478,,1.0,2,True,run_20260111_012408
106,106_c01,The Count of Monte Cristo,montecristo_ch001_w0100,ch001,0.064365,EARLY,BM25,,9.730384019425616,,0.7635276583698206,1,True,run_20260111_012408
106,106_c01,The Count of Monte Cristo,montecristo_ch001_w0744,ch001,0.475608,MID,BM25,,11.182900486176617,,1.0,2,True,run_20260111_012408
106,106_c02,The Count of Monte Cristo,montecristo_ch001_w0379,ch001,0.242063,EARLY,BM25,,8.933477370002635,,0.5832849667984749,1,True,run_20260111_012408
106,106_c02,The Count of Monte Cristo,montecristo_ch001_w0837,ch001,0.535324,MID,BM25,,9.483098463457338,,0.7008484282782732,2,True,run_20260111_012408
118,118_c01,The Count of Monte Cristo,montecristo_ch001_w0335,ch001,0.214122,EARLY,BM25,,8.075688120011876,,1.0,1,True,run_20260111_012408
118,118_c01,The Count of Monte Cristo,montecristo_ch001_w0590,ch001,0.37702,MID,BM25,,5.259252967010771,,0.40653038978168515,2,True,run_20260111_012408
118,118_c02,The Count of Monte Cristo,montecristo_ch001_w0214,ch001,0.137231,EARLY,BM25,,12.538664710083356,,1.0,1,True,run_20260111_012408
118,118_c02,The Count of Monte Cristo,montecristo_ch001_w0699,ch001,0.446797,MID,BM25,,12.346781141202744,,0.973773617205753,2,True,run_20260111_012408
126,126_c01,The Count of Monte Cristo,montecristo_ch001_w0208,ch001,0.133388,EARLY,BM25,,7.120944003460535,,1.0,1,True,run_20260111_012408
126,126_c01,The Count of Monte Cristo,montecristo_ch001_w0579,ch001,0.370002,MID,BM25,,6.981402953261024,,0.9544133875988818,2,True,run_20260111_012408
126,126_c02,The Count of Monte Cristo,montecristo_ch001_w0145,ch001,0.093318,EARLY,BM25,,13.645318850643688,,1.0,1,True,run_20260111_012408
126,126_c02,The Count of Monte Cristo,montecristo_ch001_w0903,ch001,0.578197,MID,BM25,,5.645116773559934,,0.24412341272700608,2,True,run_20260111_012408
4,4_c01,In search of the castaways,castaways_ch001_w0069,ch001,0.148794,EARLY,BM25,,11.102859277451977,,0.8007975990048986,1,True,run_20260111_012408
4,4_c01,In search of the castaways,castaways_ch001_w0224,ch001,0.482882,MID,BM25,,9.795563967645856,,0.64169003965357,2,True,run_20260111_012408
125,125_c01,The Count of Monte Cristo,montecristo_ch001_w0308,ch001,0.197059,EARLY,BM25,,8.386160356063133,,1.0,1,True,run_20260111_012408
125,125_c01,The Count of Monte Cristo,montecristo_ch001_w0781,ch001,0.499771,MID,BM25,,5.468683973178956,,0.3948920262195941,2,True,run_20260111_012408
125,125_c02,The Count of Monte Cristo,montecristo_ch001_w0227,ch001,0.145387,EARLY,BM25,,10.310986502634963,,0.9034226659187338,1,True,run_20260111_012408
125,125_c02,The Count of Monte Cristo,montecristo_ch001_w0566,ch001,0.361656,MID,BM25,,7.471972017532753,,0.3870285861363507,2,True,run_20260111_012408
125,125_c03,The Count of Monte Cristo,montecristo_ch001_w0259,ch001,0.165369,EARLY,BM25,,9.500210681658686,,1.0,1,True,run_20260111_012408
125,125_c03,The Count of Monte Cristo,montecristo_ch001_w0893,ch001,0.571669,MID,BM25,,6.356208694666922,,0.4250607436752685,2,True,run_20260111_012408
40,40_c01,In search of the castaways,castaways_ch001_w0137,ch001,0.295343,EARLY,BM25,,7.656634304248268,,0.3479003032024151,1,True,run_20260111_012408
40,40_c01,In search of the castaways,castaways_ch001_w0297,ch001,0.640441,MID,BM25,,13.835801661716594,,0.8476444811723665,2,True,run_20260111_012408
96,96_c01,The Count of Monte Cristo,montecristo_ch001_w0013,ch001,0.008644,EARLY,BM25,,12.545281970481565,,0.20941699289900648,1,True,run_20260111_012408
96,96_c01,The Count of Monte Cristo,montecristo_ch001_w0841,ch001,0.537966,MID,BM25,,20.081673783434454,,1.0,2,True,run_20260111_012408
96,96_c02,The Count of Monte Cristo,montecristo_ch001_w0208,ch001,0.133388,EARLY,BM25,,8.23010019011878,,0.44448373486910997,1,True,run_20260111_012408
96,96_c02,The Count of Monte Cristo,montecristo_ch001_w1014,ch001,0.64898,MID,BM25,,12.221678510725315,,1.0,2,True,run_20260111_012408
45,45_c01,In search of the castaways,castaways_ch001_w0122,ch001,0.262645,EARLY,BM25,,7.654130403422248,,0.31399772036170276,1,True,run_20260111_012408
45,45_c01,In search of the castaways,castaways_ch001_w0297,ch001,0.640441,MID,BM25,,13.805314796221943,,0.7647925993191652,2,True,run_20260111_012408
45,45_c02,In search of the castaways,castaways_ch001_w0020,ch001,0.044593,EARLY,BM25,,5.116407264174194,,0.12172184839044844,1,True,run_20260111_012408
45,45_c02,In search of the castaways,castaways_ch001_w0297,ch001,0.640441,MID,BM25,,13.791159672443502,,0.8508097651237291,2,True,run_20260111_012408
54,54_c01,In search of the castaways,castaways_ch001_w0124,ch001,0.266978,EARLY,BM25,,9.887209318525738,,1.0,1,True,run_20260111_012408
54,54_c01,In search of the castaways,castaways_ch001_w0219,ch001,0.472207,MID,BM25,,9.487164366627688,,0.9168079033908295,2,True,run_20260111_012408
8,8_c01,In search of the castaways,castaways_ch001_w0066,ch001,0.142384,EARLY,BM25,,8.593613193953443,,0.8292066494074283,1,True,run_20260111_012408
8,8_c01,In search of the castaways,castaways_ch001_w0263,ch001,0.566961,MID,BM25,,7.647810712363096,,0.6603489549007385,2,True,run_20260111_012408
32,32_c01,In search of the castaways,castaways_ch001_w0065,ch001,0.140283,EARLY,BM25,,6.316424892037509,,0.23588068226551467,1,True,run_20260111_012408
32,32_c01,In search of the castaways,castaways_ch001_w0297,ch001,0.640441,MID,BM25,,13.835801661716594,,0.8469173895568219,2,True,run_20260111_012408
32,32_c02,In search of the castaways,castaways_ch001_w0060,ch001,0.129592,EARLY,BM25,,7.275221880855791,,0.2250706810079622,1,True,run_20260111_012408
32,32_c02,In search of the castaways,castaways_ch001_w0297,ch001,0.640441,MID,BM25,,15.297662689197175,,0.9327292878027886,2,True,run_20260111_012408
14,14_c01,In search of the castaways,castaways_ch001_w0042,ch001,0.090964,EARLY,BM25,,8.558581373927067,,0.9930904292286595,1,True,run_20260111_012408
14,14_c01,In search of the castaways,castaways_ch001_w0259,ch001,0.558416,MID,BM25,,7.011243541281063,,0.6995176237752562,2,True,run_20260111_012408
63,63_c01,In search of the castaways,castaways_ch001_w0097,ch001,0.208604,EARLY,BM25,,9.37289183884397,,0.6400583272805889,1,True,run_20260111_012408
63,63_c01,In search of the castaways,castaways_ch001_w0198,ch001,0.427229,MID,BM25,,12.529554190011817,,1.0,2,True,run_20260111_012408
41,41_c01,In search of the castaways,castaways_ch001_w0047,ch001,0.10164,EARLY,BM25,,6.121346108714328,,0.21861374199520175,1,True,run_20260111_012408
41,41_c01,In search of the castaways,castaways_ch001_w0297,ch001,0.640441,MID,BM25,,13.87402174017069,,0.8472738343649164,2,True,run_20260111_012408
41,41_c02,In search of the castaways,castaways_ch001_w0146,ch001,0.315038,EARLY,BM25,,7.729831057052321,,0.33270546599649886,1,True,run_20260111_012408
41,41_c02,In search of the castaways,castaways_ch001_w0297,ch001,0.640441,MID,BM25,,14.146873172597257,,0.8422472265337213,2,True,run_20260111_012408
23,23_c01,In search of the castaways,castaways_ch001_w0023,ch001,0.050897,EARLY,BM25,,15.763557938533946,,1.0,1,True,run_20260111_012408
23,23_c01,In search of the castaways,castaways_ch001_w0187,ch001,0.403374,MID,BM25,,12.362943659959068,,0.697197662767804,2,True,run_20260111_012408
23,23_c02,In search of the castaways,castaways_ch001_w0098,ch001,0.210774,EARLY,BM25,,7.914732675514568,,1.0,1,True,run_20260111_012408
23,23_c02,In search of the castaways,castaways_ch001_w0191,ch001,0.412113,MID,BM25,,6.62238761727453,,0.7290708685020741,2,True,run_20260111_012408
23,23_c03,In search of the castaways,castaways_ch001_w0042,ch001,0.090964,EARLY,BM25,,10.102726759233079,,1.0,1,True,run_20260111_012408
23,23_c03,In search of the castaways,castaways_ch001_w0199,ch001,0.429349,MID,BM25,,6.057754203058145,,0.45116756873732006,2,True,run_20260111_012408
90,90_c01,The Count of Monte Cristo,montecristo_ch001_w0062,ch001,0.040022,EARLY,BM25,,9.673434615640474,,0.3100131739441788,1,True,run_20260111_012408
90,90_c01,The Count of Monte Cristo,montecristo_ch001_w0692,ch001,0.442244,MID,BM25,,15.664207889643086,,0.7150202879936451,2,True,run_20260111_012408
90,90_c02,The Count of Monte Cristo,montecristo_ch001_w0100,ch001,0.064365,EARLY,BM25,,8.383456278259494,,0.2821499117857245,1,True,run_20260111_012408
90,90_c02,The Count of Monte Cristo,montecristo_ch001_w0828,ch001,0.529751,MID,BM25,,13.071988491413405,,1.0,2,True,run_20260111_012408
100,100_c01,The Count of Monte Cristo,montecristo_ch001_w0082,ch001,0.053001,EARLY,BM25,,11.763671574392351,,1.0,1,True,run_20260111_012408
100,100_c01,The Count of Monte Cristo,montecristo_ch001_w0864,ch001,0.552845,MID,BM25,,7.516442319088364,,0.4198934349993285,2,True,run_20260111_012408
138,138_c01,The Count of Monte Cristo,montecristo_ch001_w0219,ch001,0.140397,EARLY,BM25,,10.27862687631907,,1.0,1,True,run_20260111_012408
138,138_c01,The Count of Monte Cristo,montecristo_ch001_w0708,ch001,0.452548,MID,BM25,,7.912138518873612,,0.5568640489128305,2,True,run_20260111_012408
130,130_c01,The Count of Monte Cristo,montecristo_ch001_w0173,ch001,0.111035,EARLY,BM25,,14.901996237428985,,1.0,1,True,run_20260111_012408
130,130_c01,The Count of Monte Cristo,montecristo_ch001_w0750,ch001,0.479572,MID,BM25,,13.236660214434835,,0.7595788438013181,2,True,run_20260111_012408
48,48_c01,In search of the castaways,castaways_ch001_w0152,ch001,0.327953,EARLY,BM25,,8.681705564122964,,1.0,1,True,run_20260111_012408
48,48_c01,In search of the castaways,castaways_ch001_w0275,ch001,0.593014,MID,BM25,,5.578583100167374,,0.4293119318025249,2,True,run_20260111_012408
95,95_c01,The Count of Monte Cristo,montecristo_ch001_w0129,ch001,0.082984,EARLY,BM25,,15.91748267822944,,1.0,1,True,run_20260111_012408
95,95_c01,The Count of Monte Cristo,montecristo_ch001_w1026,ch001,0.656782,MID,BM25,,9.082834071901408,,0.2638813503710276,2,True,run_20260111_012408
95,95_c02,The Count of Monte Cristo,montecristo_ch001_w0107,ch001,0.068948,EARLY,BM25,,8.475458793043353,,0.7973273022882036,1,True,run_20260111_012408
95,95_c02,The Count of Monte Cristo,montecristo_ch001_w0854,ch001,0.5463,MID,BM25,,9.630549498341999,,1.0,2,True,run_20260111_012408
95,95_c03,The Count of Monte Cristo,montecristo_ch001_w0334,ch001,0.213467,EARLY,BM25,,8.389072270877014,,0.5137821825319134,1,True,run_20260111_012408
95,95_c03,The Count of Monte Cristo,montecristo_ch001_w0780,ch001,0.499103,MID,BM25,,10.418764452860371,,1.0,2,True,run_20260111_012408
136,136_c01,The Count of Monte Cristo,montecristo_ch001_w0273,ch001,0.174243,EARLY,BM25,,12.119553512265975,,1.0,1,True,run_20260111_012408
136,136_c01,The Count of Monte Cristo,montecristo_ch001_w0614,ch001,0.392387,MID,BM25,,7.056252783154251,,0.28807444376199276,2,True,run_20260111_012408
136,136_c02,The Count of Monte Cristo,montecristo_ch001_w0182,ch001,0.116728,EARLY,BM25,,12.556590590215036,,1.0,1,True,run_20260111_012408
136,136_c02,The Count of Monte Cristo,montecristo_ch001_w0869,ch001,0.556014,MID,BM25,,6.216743607224151,,0.23774828940341797,2,True,run_20260111_012408
60,60_c01,In search of the castaways,castaways_ch001_w0073,ch001,0.157482,EARLY,BM25,,6.353789528099245,,0.9665986110309583,1,True,run_20260111_012408
60,60_c01,In search of the castaways,castaways_ch001_w0253,ch001,0.545513,MID,BM25,,5.639264295694894,,0.7933516236388267,2,True,run_20260111_012408
60,60_c02,In search of the castaways,castaways_ch001_w0130,ch001,0.279882,EARLY,BM25,,10.66434501755802,,0.9521037763363277,1,True,run_20260111_012408
60,60_c02,In search of the castaways,castaways_ch001_w0180,ch001,0.388492,MID,BM25,,11.033821698454735,,1.0,2,True,run_20260111_012408
124,124_c01,The Count of Monte Cristo,montecristo_ch001_w0456,ch001,0.291272,EARLY,BM25,,10.204606056563835,,1.0,1,True,run_20260111_012408
124,124_c01,The Count of Monte Cristo,montecristo_ch001_w0873,ch001,0.558565,MID,BM25,,7.705544930455075,,0.4941316311355343,2,True,run_20260111_012408
111,111_c01,The Count of Monte Cristo,montecristo_ch001_w0446,ch001,0.284793,EARLY,BM25,,9.001669457350278,,0.18760897323659356,1,True,run_20260111_012408
111,111_c01,The Count of Monte Cristo,montecristo_ch001_w0860,ch001,0.550222,MID,BM25,,12.358700910366418,,0.4629455616686381,2,True,run_20260111_012408
135,135_c01,The Count of Monte Cristo,montecristo_ch001_w0219,ch001,0.140397,EARLY,BM25,,9.771031861579488,,1.0,1,True,run_20260111_012408
135,135_c01,The Count of Monte Cristo,montecristo_ch001_w0594,ch001,0.379556,MID,BM25,,7.689034076720303,,0.5927543096865941,2,True,run_20260111_012408
135,135_c02,The Count of Monte Cristo,montecristo_ch001_w0195,ch001,0.125136,EARLY,BM25,,14.558254868571735,,1.0,1,True,run_20260111_012408
135,135_c02,The Count of Monte Cristo,montecristo_ch001_w0625,ch001,0.399146,MID,BM25,,8.73085269939774,,0.4037174796156731,2,True,run_20260111_012408
135,135_c03,The Count of Monte Cristo,montecristo_ch001_w0207,ch001,0.132747,EARLY,BM25,,12.332370234959086,,1.0,1,True,run_20260111_012408
135,135_c03,The Count of Monte Cristo,montecristo_ch001_w1001,ch001,0.640641,MID,BM25,,6.404735128064866,,0.24192819983487537,2,True,run_20260111_012408
27,27_c01,In search of the castaways,castaways_ch001_w0078,ch001,0.168143,EARLY,BM25,,5.153198820796614,,0.12635386580393587,1,True,run_20260111_012408
27,27_c01,In search of the castaways,castaways_ch001_w0297,ch001,0.640441,MID,BM25,,15.751660426677361,,0.9903772581724779,2,True,run_20260111_012408
27,27_c02,In search of the castaways,castaways_ch001_w0074,ch001,0.159631,EARLY,BM25,,8.999754151235452,,0.29547866977167997,1,True,run_20260111_012408
27,27_c02,In search of the castaways,castaways_ch001_w0297,ch001,0.640441,MID,BM25,,15.701661180088006,,0.9976194402937367,2,True,run_20260111_012408
110,110_c01,The Count of Monte Cristo,montecristo_ch001_w0334,ch001,0.213467,EARLY,BM25,,9.736931963128091,,0.934342507993005,1,True,run_20260111_012408
110,110_c01,The Count of Monte Cristo,montecristo_ch001_w1019,ch001,0.652211,MID,BM25,,9.785774898095307,,0.9431862143513203,2,True,run_20260111_012408
42,42_c01,In search of the castaways,castaways_ch001_w0058,ch001,0.125229,EARLY,BM25,,6.605552973066511,,0.1671974453820295,1,True,run_20260111_012408
42,42_c01,In search of the castaways,castaways_ch001_w0297,ch001,0.640441,MID,BM25,,20.731627176957925,,1.0,2,True,run_20260111_012408
56,56_c01,In search of the castaways,castaways_ch001_w0131,ch001,0.282071,EARLY,BM25,,10.102523861198126,,1.0,1,True,run_20260111_012408
56,56_c01,In search of the castaways,castaways_ch001_w0264,ch001,0.569131,MID,BM25,,7.797262660770162,,0.6850304447720567,2,True,run_20260111_012408
56,56_c02,In search of the castaways,castaways_ch001_w0128,ch001,0.275496,EARLY,BM25,,10.911416054654895,,1.0,1,True,run_20260111_012408
56,56_c02,In search of the castaways,castaways_ch001_w0250,ch001,0.538995,MID,BM25,,6.613665661295077,,0.4454043772313709,2,True,run_20260111_012408
80,80_c01,In search of the castaways,castaways_ch001_w0057,ch001,0.123007,EARLY,BM25,,7.560504686080844,,0.4594035854977608,1,True,run_20260111_012408
80,80_c01,In search of the castaways,castaways_ch001_w0249,ch001,0.536863,MID,BM25,,8.830455962224685,,0.5532402581687479,2,True,run_20260111_012408
80,80_c02,In search of the castaways,castaways_ch001_w0023,ch001,0.050897,EARLY,BM25,,6.633007993866073,,0.3026145110806012,1,True,run_20260111_012408
80,80_c02,In search of the castaways,castaways_ch001_w0218,ch001,0.470043,MID,BM25,,7.576617738851474,,0.3749063571515212,2,True,run_20260111_012408
80,80_c03,In search of the castaways,castaways_ch001_w0018,ch001,0.040434,EARLY,BM25,,5.995421866940134,,0.14617938299295424,1,True,run_20260111_012408
80,80_c03,In search of the castaways,castaways_ch001_w0282,ch001,0.608196,MID,BM25,,6.750649453418622,,0.1882925856484706,2,True,run_20260111_012408
28,28_c01,In search of the castaways,castaways_ch001_w0004,ch001,0.010043,EARLY,BM25,,11.486906726912395,,0.6011273427979763,1,True,run_20260111_012408
28,28_c01,In search of the castaways,castaways_ch001_w0297,ch001,0.640441,MID,BM25,,14.301255804985058,,0.8360585207839881,2,True,run_20260111_012408
28,28_c02,In search of the castaways,castaways_ch001_w0029,ch001,0.063578,EARLY,BM25,,7.358562399105142,,0.29174383646658497,1,True,run_20260111_012408
28,28_c02,In search of the castaways,castaways_ch001_w0297,ch001,0.640441,MID,BM25,,13.557173368935157,,0.8379461165457085,2,True,run_20260111_012408
101,101_c01,The Count of Monte Cristo,montecristo_ch001_w0093,ch001,0.060009,EARLY,BM25,,8.089993145934248,,0.6823947911088555,1,True,run_20260111_012408
101,101_c01,The Count of Monte Cristo,montecristo_ch001_w0613,ch001,0.39174,MID,BM25,,9.507694946719278,,0.9560500318169449,2,True,run_20260111_012408
91,91_c01,The Count of Monte Cristo,montecristo_ch001_w0064,ch001,0.04136,EARLY,BM25,,7.069900274440501,,0.6156308018106282,1,True,run_20260111_012408
91,91_c01,The Count of Monte Cristo,montecristo_ch001_w0863,ch001,0.552176,MID,BM25,,8.697088763969997,,0.9508583291013019,2,True,run_20260111_012408
91,91_c02,The Count of Monte Cristo,montecristo_ch001_w0073,ch001,0.047251,EARLY,BM25,,7.7159359358440645,,0.6033908409900217,1,True,run_20260111_012408
91,91_c02,The Count of Monte Cristo,montecristo_ch001_w0552,ch001,0.352762,MID,BM25,,9.874700752230606,,1.0,2,True,run_20260111_012408
91,91_c03,The Count of Monte Cristo,montecristo_ch001_w0361,ch001,0.23065,EARLY,BM25,,10.119543155007394,,0.5268624068936651,1,True,run_20260111_012408
91,91_c03,The Count of Monte Cristo,montecristo_ch001_w0753,ch001,0.481552,MID,BM25,,14.47321560272002,,1.0,2,True,run_20260111_012408
24,24_c01,In search of the castaways,castaways_ch001_w0066,ch001,0.142384,EARLY,BM25,,9.897422350062026,,0.6649865562278721,1,True,run_20260111_012408
24,24_c01,In search of the castaways,castaways_ch001_w0165,ch001,0.356197,MID,BM25,,13.25028888888956,,1.0,2,True,run_20260111_012408
24,24_c02,In search of the castaways,castaways_ch001_w0065,ch001,0.140283,EARLY,BM25,,9.775316229444332,,0.8156692209590121,1,True,run_20260111_012408
24,24_c02,In search of the castaways,castaways_ch001_w0187,ch001,0.403374,MID,BM25,,10.994869949970838,,1.0,2,True,run_20260111_012408
119,119_c01,The Count of Monte Cristo,montecristo_ch001_w0252,ch001,0.160912,EARLY,BM25,,10.187340860105678,,1.0,1,True,run_20260111_012408
119,119_c01,The Count of Monte Cristo,montecristo_ch001_w0597,ch001,0.381451,MID,BM25,,9.07134121924231,,0.8043909997764659,2,True,run_20260111_012408
93,93_c01,The Count of Monte Cristo,montecristo_ch001_w0109,ch001,0.070246,EARLY,BM25,,9.865441852641995,,1.0,1,True,run_20260111_012408
93,93_c01,The Count of Monte Cristo,montecristo_ch001_w0863,ch001,0.552176,MID,BM25,,9.487101899602322,,0.9285999020064527,2,True,run_20260111_012408
93,93_c02,The Count of Monte Cristo,montecristo_ch001_w0212,ch001,0.135933,EARLY,BM25,,10.453950441744192,,1.0,1,True,run_20260111_012408
93,93_c02,The Count of Monte Cristo,montecristo_ch001_w0667,ch001,0.425987,MID,BM25,,9.32457130951198,,0.7965614226085563,2,True,run_20260111_012408
72,72_c01,In search of the castaways,castaways_ch001_w0122,ch001,0.262645,EARLY,BM25,,6.067934853120461,,0.32540370564763627,1,True,run_20260111_012408
72,72_c01,In search of the castaways,castaways_ch001_w0253,ch001,0.545513,MID,BM25,,6.421364436524755,,0.3474560830393548,2,True,run_20260111_012408
72,72_c02,In search of the castaways,castaways_ch001_w0026,ch001,0.05725,EARLY,BM25,,6.49214332031575,,0.26726318138888305,1,True,run_20260111_012408
72,72_c02,In search of the castaways,castaways_ch001_w0175,ch001,0.377648,MID,BM25,,5.606932080238904,,0.2057276460443813,2,True,run_20260111_012408
16,16_c01,In search of the castaways,castaways_ch001_w0015,ch001,0.034081,EARLY,BM25,,9.59721323722271,,1.0,1,True,run_20260111_012408
16,16_c01,In search of the castaways,castaways_ch001_w0230,ch001,0.495874,MID,BM25,,6.9617166165623825,,0.6942996320146523,2,True,run_20260111_012408
16,16_c02,In search of the castaways,castaways_ch001_w0042,ch001,0.090964,EARLY,BM25,,13.36965031676205,,1.0,1,True,run_20260111_012408
16,16_c02,In search of the castaways,castaways_ch001_w0187,ch001,0.403374,MID,BM25,,7.390657598141958,,0.39064996014918263,2,True,run_20260111_012408
30,30_c01,In search of the castaways,castaways_ch001_w0033,ch001,0.072115,EARLY,BM25,,9.646504541642594,,0.2970078157411037,1,True,run_20260111_012408
30,30_c01,In search of the castaways,castaways_ch001_w0294,ch001,0.633978,MID,BM25,,15.119222437056559,,0.6673894436108193,2,True,run_20260111_012408
30,30_c02,In search of the castaways,castaways_ch001_w0108,ch001,0.232625,EARLY,BM25,,8.27964524659173,,0.18811990136080156,1,True,run_20260111_012408
30,30_c02,In search of the castaways,castaways_ch001_w0277,ch001,0.59736,MID,BM25,,18.379801394679415,,1.0,2,True,run_20260111_012408
97,97_c01,The Count of Monte Cristo,montecristo_ch001_w0138,ch001,0.088853,EARLY,BM25,,8.123995408162466,,0.23483473976487354,1,True,run_20260111_012408
97,97_c01,The Count of Monte Cristo,montecristo_ch001_w0986,ch001,0.631006,MID,BM25,,16.757429433550087,,1.0,2,True,run_20260111_012408
22,22_c01,In search of the castaways,castaways_ch001_w0042,ch001,0.090964,EARLY,BM25,,6.741132376885215,,1.0,1,True,run_20260111_012408
22,22_c01,In search of the castaways,castaways_ch001_w0277,ch001,0.59736,MID,BM25,,6.487352716001769,,0.9547876380788817,2,True,run_20260111_012408
22,22_c02,In search of the castaways,castaways_ch001_w0065,ch001,0.140283,EARLY,BM25,,10.125804477729034,,1.0,1,True,run_20260111_012408
22,22_c02,In search of the castaways,castaways_ch001_w0303,ch001,0.653212,MID,BM25,,5.889822093258316,,0.5309194114987903,2,True,run_20260111_012408
22,22_c03,In search of the castaways,castaways_ch001_w0042,ch001,0.090964,EARLY,BM25,,16.570770328786384,,1.0,1,True,run_20260111_012408
22,22_c03,In search of the castaways,castaways_ch001_w0250,ch001,0.538995,MID,BM25,,12.499236402787673,,0.6740753023032057,2,True,run_20260111_012408
53,53_c01,In search of the castaways,castaways_ch001_w0117,ch001,0.251984,EARLY,BM25,,9.72355346673976,,0.7684693708352232,1,True,run_20260111_012408
53,53_c01,In search of the castaways,castaways_ch001_w0155,ch001,0.334517,MID,BM25,,11.96036228461108,,1.0,2,True,run_20260111_012408
53,53_c02,In search of the castaways,castaways_ch001_w0027,ch001,0.059358,EARLY,BM25,,6.02260933020559,,1.0,1,True,run_20260111_012408
53,53_c02,In search of the castaways,castaways_ch001_w0155,ch001,0.334517,MID,BM25,,4.113541688731751,,0.6637445833234563,2,True,run_20260111_012408
53,53_c03,In search of the castaways,castaways_ch001_w0146,ch001,0.315038,EARLY,BM25,,11.550502268748525,,1.0,1,True,run_20260111_012408
53,53_c03,In search of the castaways,castaways_ch001_w0153,ch001,0.330126,MID,BM25,,7.9233093728847415,,0.5792491105697146,2,True,run_20260111_012408
81,81_c01,In search of the castaways,castaways_ch001_w0023,ch001,0.050897,EARLY,BM25,,8.443996479307897,,0.4386467258147207,1,True,run_20260111_012408
81,81_c01,In search of the castaways,castaways_ch001_w0196,ch001,0.422907,MID,BM25,,7.180084656153655,,0.33328907670204666,2,True,run_20260111_012408
81,81_c02,In search of the castaways,castaways_ch001_w0066,ch001,0.142384,EARLY,BM25,,6.429459987290248,,0.3579972471188124,1,True,run_20260111_012408
81,81_c02,In search of the castaways,castaways_ch001_w0240,ch001,0.517459,MID,BM25,,5.139661022023217,,0.25110381964964473,2,True,run_20260111_012408
81,81_c03,In search of the castaways,castaways_ch001_w0054,ch001,0.116567,EARLY,BM25,,9.125057458353686,,0.6698938812324389,1,True,run_20260111_012408
81,81_c03,In search of the castaways,castaways_ch001_w0189,ch001,0.40773,MID,BM25,,4.984663160660354,,0.32522106823406605,2,True,run_20260111_012408
47,47_c01,In search of the castaways,castaways_ch001_w0126,ch001,0.271185,EARLY,BM25,,8.676797176882449,,1.0,1,True,run_20260111_012408
47,47_c01,In search of the castaways,castaways_ch001_w0187,ch001,0.403374,MID,BM25,,5.771015395569195,,0.5041403041002809,2,True,run_20260111_012408
7,7_c01,In search of the castaways,castaways_ch001_w0042,ch001,0.090964,EARLY,BM25,,11.302376328610254,,1.0,1,True,run_20260111_012408
7,7_c01,In search of the castaways,castaways_ch001_w0229,ch001,0.493735,MID,BM25,,9.316545063716022,,0.7580498159045367,2,True,run_20260111_012408
7,7_c02,In search of the castaways,castaways_ch001_w0064,ch001,0.138134,EARLY,BM25,,10.485034665240399,,1.0,1,True,run_20260111_012408
7,7_c02,In search of the castaways,castaways_ch001_w0240,ch001,0.517459,MID,BM25,,5.559937222541981,,0.38283342990998503,2,True,run_20260111_012408
7,7_c03,In search of the castaways,castaways_ch001_w0045,ch001,0.097423,EARLY,BM25,,9.073956430720465,,0.9645862670087272,1,True,run_20260111_012408
7,7_c03,In search of the castaways,castaways_ch001_w0262,ch001,0.564851,MID,BM25,,9.305553052345164,,1.0,2,True,run_20260111_012408
121,121_c01,The Count of Monte Cristo,montecristo_ch001_w0221,ch001,0.141646,EARLY,BM25,,15.853593444989029,,1.0,1,True,run_20260111_012408
121,121_c01,The Count of Monte Cristo,montecristo_ch001_w0634,ch001,0.404854,MID,BM25,,10.935004834615778,,0.3347326638648966,2,True,run_20260111_012408
121,121_c02,The Count of Monte Cristo,montecristo_ch001_w0181,ch001,0.116113,EARLY,BM25,,12.67024425977042,,1.0,1,True,run_20260111_012408
121,121_c02,The Count of Monte Cristo,montecristo_ch001_w0670,ch001,0.427949,MID,BM25,,8.69511236436971,,0.37313835951243723,2,True,run_20260111_012408
129,129_c01,The Count of Monte Cristo,montecristo_ch001_w0183,ch001,0.117355,EARLY,BM25,,15.080716466257986,,1.0,1,True,run_20260111_012408
129,129_c01,The Count of Monte Cristo,montecristo_ch001_w0893,ch001,0.571669,MID,BM25,,10.147612013198835,,0.5160292097549456,2,True,run_20260111_012408
129,129_c02,The Count of Monte Cristo,montecristo_ch001_w0037,ch001,0.023755,EARLY,BM25,,13.89645866628041,,1.0,1,True,run_20260111_012408
129,129_c02,The Count of Monte Cristo,montecristo_ch001_w0630,ch001,0.402322,MID,BM25,,7.057714317235873,,0.29283715229217466,2,True,run_20260111_012408
51,51_c01,In search of the castaways,castaways_ch001_w0127,ch001,0.273298,EARLY,BM25,,7.18645283453287,,0.9950771152745596,1,True,run_20260111_012408
51,51_c01,In search of the castaways,castaways_ch001_w0187,ch001,0.403374,MID,BM25,,7.206559562036263,,1.0,2,True,run_20260111_012408
127,127_c01,The Count of Monte Cristo,montecristo_ch001_w0252,ch001,0.160912,EARLY,BM25,,16.593420477996425,,1.0,1,True,run_20260111_012408
127,127_c01,The Count of Monte Cristo,montecristo_ch001_w0787,ch001,0.503655,MID,BM25,,9.844129019660071,,0.3259708905283741,2,True,run_20260111_012408
127,127_c02,The Count of Monte Cristo,montecristo_ch001_w0276,ch001,0.176156,EARLY,BM25,,11.270664772470077,,0.7729159177416751,1,True,run_20260111_012408
127,127_c02,The Count of Monte Cristo,montecristo_ch001_w0813,ch001,0.520261,MID,BM25,,9.733597182984223,,0.5790981695525773,2,True,run_20260111_012408
133,133_c01,The Count of Monte Cristo,montecristo_ch001_w0208,ch001,0.133388,EARLY,BM25,,12.530718771989804,,1.0,1,True,run_20260111_012408
133,133_c01,The Count of Monte Cristo,montecristo_ch001_w0962,ch001,0.615452,MID,BM25,,5.88217546549816,,0.21791010740867617,2,True,run_20260111_012408
133,133_c02,The Count of Monte Cristo,montecristo_ch001_w0205,ch001,0.131501,EARLY,BM25,,10.621830027909324,,1.0,1,True,run_20260111_012408
133,133_c02,The Count of Monte Cristo,montecristo_ch001_w0917,ch001,0.587038,MID,BM25,,5.145784292870746,,0.09870979041117856,2,True,run_20260111_012408
52,52_c01,In search of the castaways,castaways_ch001_w0117,ch001,0.251984,EARLY,BM25,,13.44094744421505,,0.9180212986366758,1,True,run_20260111_012408
52,52_c01,In search of the castaways,castaways_ch001_w0155,ch001,0.334517,MID,BM25,,14.378493883468932,,1.0,2,True,run_20260111_012408
52,52_c02,In search of the castaways,castaways_ch001_w0016,ch001,0.03619,EARLY,BM25,,8.876451120334524,,1.0,1,True,run_20260111_012408
52,52_c02,In search of the castaways,castaways_ch001_w0253,ch001,0.545513,MID,BM25,,7.549502022353915,,0.7771681011513014,2,True,run_20260111_012408
114,114_c01,The Count of Monte Cristo,montecristo_ch001_w0219,ch001,0.140397,EARLY,BM25,,17.25283109211665,,1.0,1,True,run_20260111_012408
114,114_c01,The Count of Monte Cristo,montecristo_ch001_w0532,ch001,0.339913,MID,BM25,,9.701599982033029,,0.4290490930323807,2,True,run_20260111_012408
2,2_c01,In search of the castaways,castaways_ch001_w0042,ch001,0.090964,EARLY,BM25,,10.810944855415395,,1.0,1,True,run_20260111_012408
2,2_c01,In search of the castaways,castaways_ch001_w0249,ch001,0.536863,MID,BM25,,6.244266172235699,,0.5389629525217422,2,True,run_20260111_012408
2,2_c02,In search of the castaways,castaways_ch001_w0114,ch001,0.245643,EARLY,BM25,,11.33452306699222,,1.0,1,True,run_20260111_012408
2,2_c02,In search of the castaways,castaways_ch001_w0189,ch001,0.40773,MID,BM25,,5.97579259410035,,0.31388452099420167,2,True,run_20260111_012408
33,33_c01,In search of the castaways,castaways_ch001_w0022,ch001,0.048788,EARLY,BM25,,7.028832887396544,,0.13803861674266132,1,True,run_20260111_012408
33,33_c01,In search of the castaways,castaways_ch001_w0297,ch001,0.640441,MID,BM25,,15.460414437807835,,0.880680923086162,2,True,run_20260111_012408
15,15_c01,In search of the castaways,castaways_ch001_w0042,ch001,0.090964,EARLY,BM25,,14.898053657629818,,1.0,1,True,run_20260111_012408
15,15_c01,In search of the castaways,castaways_ch001_w0263,ch001,0.566961,MID,BM25,,10.90343218096119,,0.626726226073148,2,True,run_20260111_012408
82,82_c01,In search of the castaways,castaways_ch001_w0103,ch001,0.221705,EARLY,BM25,,8.033945884074084,,0.39722480982915903,1,True,run_20260111_012408
82,82_c01,In search of the castaways,castaways_ch001_w0161,ch001,0.34735,MID,BM25,,6.1909200289913064,,0.25430889408645435,2,True,run_20260111_012408
82,82_c02,In search of the castaways,castaways_ch001_w0064,ch001,0.138134,EARLY,BM25,,6.9320407575396,,0.28498619321693675,1,True,run_20260111_012408
82,82_c02,In search of the castaways,castaways_ch001_w0295,ch001,0.636116,MID,BM25,,7.5200775578569505,,0.3255195663740308,2,True,run_20260111_012408
82,82_c03,In search of the castaways,castaways_ch001_w0004,ch001,0.010043,EARLY,BM25,,6.114249670463799,,0.3086729332677017,1,True,run_20260111_012408
82,82_c03,In search of the castaways,castaways_ch001_w0246,ch001,0.530343,MID,BM25,,6.852958140098459,,0.36883415052754404,2,True,run_20260111_012408
82,82_c04,In search of the castaways,castaways_ch001_w0000,ch001,0.001403,EARLY,BM25,,6.230847364601695,,0.26735666542860165,1,True,run_20260111_012408
82,82_c04,In search of the castaways,castaways_ch001_w0154,ch001,0.332283,MID,BM25,,5.079751514347176,,0.21209122882460096,2,True,run_20260111_012408
82,82_c05,In search of the castaways,castaways_ch001_w0129,ch001,0.277732,EARLY,BM25,,6.644401768952783,,0.338413582625775,1,True,run_20260111_012408
82,82_c05,In search of the castaways,castaways_ch001_w0198,ch001,0.427229,MID,BM25,,6.533103194165547,,0.3286514942864001,2,True,run_20260111_012408
37,37_c01,In search of the castaways,castaways_ch001_w0015,ch001,0.034081,EARLY,BM25,,5.298046931386541,,0.15531367615449146,1,True,run_20260111_012408
37,37_c01,In search of the castaways,castaways_ch001_w0297,ch001,0.640441,MID,BM25,,13.608901470524145,,0.8460113605863513,2,True,run_20260111_012408
37,37_c02,In search of the castaways,castaways_ch001_w0029,ch001,0.063578,EARLY,BM25,,6.006164570416263,,0.18137472971949478,1,True,run_20260111_012408
37,37_c02,In search of the castaways,castaways_ch001_w0297,ch001,0.640441,MID,BM25,,14.460686514765388,,0.8516738313952158,2,True,run_20260111_012408
3,3_c01,In search of the castaways,castaways_ch001_w0042,ch001,0.090964,EARLY,BM25,,7.961480380942447,,0.8143446898905834,1,True,run_20260111_012408
3,3_c01,In search of the castaways,castaways_ch001_w0187,ch001,0.403374,MID,BM25,,8.836176283959688,,0.9472360778443712,2,True,run_20260111_012408
3,3_c02,In search of the castaways,castaways_ch001_w0028,ch001,0.061483,EARLY,BM25,,9.17028336192582,,0.9065209320948552,1,True,run_20260111_012408
3,3_c02,In search of the castaways,castaways_ch001_w0187,ch001,0.403374,MID,BM25,,8.015017209610507,,0.7387031936192677,2,True,run_20260111_012408
103,103_c01,The Count of Monte Cristo,montecristo_ch001_w0425,ch001,0.271255,EARLY,BM25,,12.368625569737574,,1.0,1,True,run_20260111_012408
103,103_c01,The Count of Monte Cristo,montecristo_ch001_w0863,ch001,0.552176,MID,BM25,,9.657461566933351,,0.602944914535929,2,True,run_20260111_012408
94,94_c01,The Count of Monte Cristo,montecristo_ch001_w0078,ch001,0.050544,EARLY,BM25,,12.868347325706662,,1.0,1,True,run_20260111_012408
94,94_c01,The Count of Monte Cristo,montecristo_ch001_w0693,ch001,0.442908,MID,BM25,,10.756000449161284,,0.6527164918235234,2,True,run_20260111_012408
94,94_c02,The Count of Monte Cristo,montecristo_ch001_w0128,ch001,0.082325,EARLY,BM25,,11.289794982277742,,0.38397198722562154,1,True,run_20260111_012408
94,94_c02,The Count of Monte Cristo,montecristo_ch001_w1014,ch001,0.64898,MID,BM25,,18.985914497564078,,1.0,2,True,run_20260111_012408
85,85_c01,In search of the castaways,castaways_ch001_w0086,ch001,0.185022,EARLY,BM25,,7.18094915794908,,0.5241733031995656,1,True,run_20260111_012408
85,85_c01,In search of the castaways,castaways_ch001_w0246,ch001,0.530343,MID,BM25,,5.702614005627372,,0.39470382253098935,2,True,run_20260111_012408
21,21_c01,In search of the castaways,castaways_ch001_w0044,ch001,0.095267,EARLY,BM25,,10.40690810190089,,1.0,1,True,run_20260111_012408
21,21_c01,In search of the castaways,castaways_ch001_w0187,ch001,0.403374,MID,BM25,,8.952037937998227,,0.7911017353866535,2,True,run_20260111_012408
49,49_c01,In search of the castaways,castaways_ch001_w0016,ch001,0.03619,EARLY,BM25,,8.010342222692099,,0.7342975028033171,1,True,run_20260111_012408
49,49_c01,In search of the castaways,castaways_ch001_w0268,ch001,0.577833,MID,BM25,,5.576599908085767,,0.37034750081699397,2,True,run_20260111_012408
49,49_c02,In search of the castaways,castaways_ch001_w0076,ch001,0.163886,EARLY,BM25,,7.325086464477816,,0.8063661991968069,1,True,run_20260111_012408
49,49_c02,In search of the castaways,castaways_ch001_w0278,ch001,0.599454,MID,BM25,,5.296360481851832,,0.48117996524384177,2,True,run_20260111_012408
140,140_c01,The Count of Monte Cristo,montecristo_ch001_w0221,ch001,0.141646,EARLY,BM25,,12.37694460510387,,1.0,1,True,run_20260111_012408
140,140_c01,The Count of Monte Cristo,montecristo_ch001_w0839,ch001,0.536632,MID,BM25,,9.05582784012896,,0.5464508366118415,2,True,run_20260111_012408
64,64_c01,In search of the castaways,castaways_ch001_w0150,ch001,0.323606,EARLY,BM25,,6.78283560291946,,0.6440065182277134,1,True,run_20260111_012408
64,64_c01,In search of the castaways,castaways_ch001_w0155,ch001,0.334517,MID,BM25,,8.69087014484081,,1.0,2,True,run_20260111_012408
131,131_c01,The Count of Monte Cristo,montecristo_ch001_w0143,ch001,0.092039,EARLY,BM25,,11.398177569891192,,1.0,1,True,run_20260111_012408
131,131_c01,The Count of Monte Cristo,montecristo_ch001_w0797,ch001,0.509953,MID,BM25,,9.120719682724623,,0.6763517995430167,2,True,run_20260111_012408
61,61_c01,In search of the castaways,castaways_ch001_w0117,ch001,0.251984,EARLY,BM25,,8.048687332294929,,0.7689231591487725,1,True,run_20260111_012408
61,61_c01,In search of the castaways,castaways_ch001_w0188,ch001,0.405549,MID,BM25,,6.402171341628067,,0.5124705395713715,2,True,run_20260111_012408
86,86_c01,In search of the castaways,castaways_ch001_w0037,ch001,0.080334,EARLY,BM25,,5.429031226156132,,0.19149403682787586,1,True,run_20260111_012408
86,86_c01,In search of the castaways,castaways_ch001_w0156,ch001,0.336723,MID,BM25,,6.09249711108809,,0.24377857461356287,2,True,run_20260111_012408
86,86_c02,In search of the castaways,castaways_ch001_w0006,ch001,0.014404,EARLY,BM25,,8.486054880509563,,0.3780919644583342,1,True,run_20260111_012408
86,86_c02,In search of the castaways,castaways_ch001_w0210,ch001,0.452673,MID,BM25,,9.239493476609145,,0.43675200154741045,2,True,run_20260111_012408
38,38_c01,In search of the castaways,castaways_ch001_w0078,ch001,0.168143,EARLY,BM25,,8.977315899532758,,0.3953672573835672,1,True,run_20260111_012408
38,38_c01,In search of the castaways,castaways_ch001_w0297,ch001,0.640441,MID,BM25,,16.244144656362444,,0.891039779711118,2,True,run_20260111_012408
38,38_c02,In search of the castaways,castaways_ch001_w0102,ch001,0.219506,EARLY,BM25,,8.220105722601017,,0.31891966849286596,1,True,run_20260111_012408
38,38_c02,In search of the castaways,castaways_ch001_w0297,ch001,0.640441,MID,BM25,,14.004819028985224,,0.8245419362351528,2,True,run_20260111_012408
132,132_c01,The Count of Monte Cristo,montecristo_ch001_w0181,ch001,0.116113,EARLY,BM25,,10.716240229727259,,1.0,1,True,run_20260111_012408
132,132_c01,The Count of Monte Cristo,montecristo_ch001_w0894,ch001,0.57231,MID,BM25,,8.062622631756152,,0.6007599720535505,2,True,run_20260111_012408
77,77_c01,In search of the castaways,castaways_ch001_w0086,ch001,0.185022,EARLY,BM25,,4.983474095364301,,0.1909308727774255,1,True,run_20260111_012408
77,77_c01,In search of the castaways,castaways_ch001_w0241,ch001,0.519544,MID,BM25,,4.888302819184938,,0.18275745931517742,2,True,run_20260111_012408
77,77_c02,In search of the castaways,castaways_ch001_w0092,ch001,0.19775,EARLY,BM25,,9.175000767032115,,0.6145198355958769,1,True,run_20260111_012408
77,77_c02,In search of the castaways,castaways_ch001_w0265,ch001,0.571322,MID,BM25,,8.956195967175011,,0.5932285258667483,2,True,run_20260111_012408
77,77_c03,In search of the castaways,castaways_ch001_w0012,ch001,0.027596,EARLY,BM25,,4.8058131113472715,,0.29066552129772844,1,True,run_20260111_012408
77,77_c03,In search of the castaways,castaways_ch001_w0236,ch001,0.508882,MID,BM25,,5.148808827846095,,0.3188350906297995,2,True,run_20260111_012408
70,70_c01,In search of the castaways,castaways_ch001_w0066,ch001,0.142384,EARLY,BM25,,6.852774589101644,,0.30048556784248165,1,True,run_20260111_012408
70,70_c01,In search of the castaways,castaways_ch001_w0156,ch001,0.336723,MID,BM25,,8.80277289789494,,0.4824509153966266,2,True,run_20260111_012408
70,70_c02,In search of the castaways,castaways_ch001_w0139,ch001,0.299721,EARLY,BM25,,8.646316386028477,,0.4040983993911725,1,True,run_20260111_012408
70,70_c02,In search of the castaways,castaways_ch001_w0241,ch001,0.519544,MID,BM25,,10.306875365282462,,0.5315766944544479,2,True,run_20260111_012408
70,70_c03,In search of the castaways,castaways_ch001_w0058,ch001,0.125229,EARLY,BM25,,8.93196223202569,,0.4598178522419732,1,True,run_20260111_012408
70,70_c03,In search of the castaways,castaways_ch001_w0298,ch001,0.642586,MID,BM25,,8.687814037468906,,0.4353107130148196,2,True,run_20260111_012408
115,115_c01,The Count of Monte Cristo,montecristo_ch001_w0207,ch001,0.132747,EARLY,BM25,,11.26264954728179,,1.0,1,True,run_20260111_012408
115,115_c01,The Count of Monte Cristo,montecristo_ch001_w0746,ch001,0.476929,MID,BM25,,9.225595333276868,,0.7242993570154017,2,True,run_20260111_012408
115,115_c02,The Count of Monte Cristo,montecristo_ch001_w0182,ch001,0.116728,EARLY,BM25,,9.180095139454169,,1.0,1,True,run_20260111_012408
115,115_c02,The Count of Monte Cristo,montecristo_ch001_w0742,ch001,0.474298,MID,BM25,,6.457017165988518,,0.5116377591963742,2,True,run_20260111_012408
78,78_c01,In search of the castaways,castaways_ch001_w0106,ch001,0.228343,EARLY,BM25,,6.013755188546769,,0.1903899271053472,1,True,run_20260111_012408
78,78_c01,In search of the castaways,castaways_ch001_w0298,ch001,0.642586,MID,BM25,,5.980963341232902,,0.18824337680045608,2,True,run_20260111_012408
78,78_c02,In search of the castaways,castaways_ch001_w0018,ch001,0.040434,EARLY,BM25,,3.112688014118387,,0.10368664304182616,1,True,run_20260111_012408
78,78_c02,In search of the castaways,castaways_ch001_w0196,ch001,0.422907,MID,BM25,,6.987105209379752,,0.43759171682017045,2,True,run_20260111_012408
78,78_c03,In search of the castaways,castaways_ch001_w0141,ch001,0.304091,EARLY,BM25,,6.1299312678050955,,0.27614336840435044,1,True,run_20260111_012408
78,78_c03,In search of the castaways,castaways_ch001_w0166,ch001,0.358357,MID,BM25,,7.458384951796559,,0.39732493873540686,2,True,run_20260111_012408
78,78_c04,In search of the castaways,castaways_ch001_w0011,ch001,0.025437,EARLY,BM25,,5.9131907301838735,,0.2792954226957818,1,True,run_20260111_012408
78,78_c04,In search of the castaways,castaways_ch001_w0293,ch001,0.631836,MID,BM25,,7.170887376631105,,0.4127154718711193,2,True,run_20260111_012408
78,78_c05,In search of the castaways,castaways_ch001_w0093,ch001,0.199861,EARLY,BM25,,11.163028883240854,,0.6815755881107869,1,True,run_20260111_012408
78,78_c05,In search of the castaways,castaways_ch001_w0299,ch001,0.64474,MID,BM25,,8.615105635735484,,0.4693444298328218,2,True,run_20260111_012408
87,87_c01,The Count of Monte Cristo,montecristo_ch001_w0063,ch001,0.040694,EARLY,BM25,,13.177075487740924,,1.0,1,True,run_20260111_012408
87,87_c01,The Count of Monte Cristo,montecristo_ch001_w0863,ch001,0.552176,MID,BM25,,6.837415595829027,,0.23855220356493642,2,True,run_20260111_012408
87,87_c02,The Count of Monte Cristo,montecristo_ch001_w0128,ch001,0.082325,EARLY,BM25,,9.441707396821784,,0.5592546485008958,1,True,run_20260111_012408
87,87_c02,The Count of Monte Cristo,montecristo_ch001_w0987,ch001,0.63166,MID,BM25,,11.468832261383039,,0.8283126596003489,2,True,run_20260111_012408
75,75_c01,In search of the castaways,castaways_ch001_w0042,ch001,0.090964,EARLY,BM25,,7.090625984723,,0.46198877008676426,1,True,run_20260111_012408
75,75_c01,In search of the castaways,castaways_ch001_w0251,ch001,0.541156,MID,BM25,,5.179287841085855,,0.3070956093614829,2,True,run_20260111_012408
75,75_c02,In search of the castaways,castaways_ch001_w0073,ch001,0.157482,EARLY,BM25,,5.225371027693896,,0.3571246303724979,1,True,run_20260111_012408
75,75_c02,In search of the castaways,castaways_ch001_w0208,ch001,0.4482,MID,BM25,,6.297255950875882,,0.44891257201712415,2,True,run_20260111_012408
75,75_c03,In search of the castaways,castaways_ch001_w0084,ch001,0.180782,EARLY,BM25,,4.8707479582442375,,0.19557564463594435,1,True,run_20260111_012408
75,75_c03,In search of the castaways,castaways_ch001_w0213,ch001,0.459254,MID,BM25,,4.983713111827615,,0.2043081265086255,2,True,run_20260111_012408
44,44_c01,In search of the castaways,castaways_ch001_w0065,ch001,0.140283,EARLY,BM25,,8.434156056605016,,0.3885503791227296,1,True,run_20260111_012408
44,44_c01,In search of the castaways,castaways_ch001_w0297,ch001,0.640441,MID,BM25,,15.947538309046507,,1.0,2,True,run_20260111_012408
44,44_c02,In search of the castaways,castaways_ch001_w0127,ch001,0.273298,EARLY,BM25,,7.088376539001681,,0.2274267223446672,1,True,run_20260111_012408
44,44_c02,In search of the castaways,castaways_ch001_w0297,ch001,0.640441,MID,BM25,,16.350496166328515,,0.9449415899802232,2,True,run_20260111_012408
